{
  "calc_results": [
    {
      "name": "NAVSTAR 51 (USA 166)",
      "pos": [
        {
          "alts": [
            44.500480485616805,
            45.98377584394887,
            47.43508647017317,
            48.85185663085631,
            50.23133156279641,
            51.5705360655017,
            52.86625287804404,
            54.115002058681114,
            55.313023116621046,
            56.45626228809795,
            57.5403680789081,
            58.56069895070095,
            59.512347690330536
          ],
          "azs": [
            95.6263130356439,
            92.92805766689675,
            90.11761236216437,
            87.18921996582719,
            84.13681082321482,
            80.95405560714613,
            77.63444867812512,
            74.17143086797408,
            70.55856172298495,
            66.78975177510453,
            62.859564762801604,
            58.76359713135539,
            54.498936686319155
          ]
        }
      ],
      "cpos": {
        "az": 77.63444867812512,
        "alt": 52.86625287804404
      }
    },
    {
      "name": "NAVSTAR 52 (USA 168)",
      "pos": [
        {
          "alts": [
            52.98551152068446,
            50.33182206409113,
            47.69267527062982,
            45.070358488632394,
            42.467040992854415,
            39.884770600428325,
            37.325472518376806,
            34.790950368834515,
            32.282889263924005,
            29.802860750385797,
            27.352329410127304,
            24.932660883528968,
            22.545131075037336
          ],
          "azs": [
            192.7616826434341,
            192.4827301267004,
            192.22345408885633,
            191.98622499279807,
            191.77303372556835,
            191.5856030270378,
            191.4254659304682,
            191.29402223967406,
            191.1925800360682,
            191.1223867585317,
            191.08465286801254,
            191.08057012815104,
            191.11132588983122
          ]
        }
      ],
      "cpos": {
        "az": 191.4254659304682,
        "alt": 37.325472518376806
      }
    },
    {
      "name": "NAVSTAR 56 (USA 180)",
      "pos": [
        {
          "alts": [
            42.70804960818877,
            40.239065952584546,
            37.78600107357368,
            35.35054180511344,
            32.93427163426493,
            30.538677796185777,
            28.16515852428194,
            25.81503062802942,
            23.48953747448756,
            21.189857386374005,
            18.91711242928781,
            16.67237753611841,
            14.456689903047096
          ],
          "azs": [
            198.63419030061957,
            198.05260574966275,
            197.52810061802145,
            197.05778547470058,
            196.63941956950572,
            196.27128668925906,
            195.95210129202948,
            195.68093678243633,
            195.45717018016614,
            195.28043905754123,
            195.15060774134935,
            195.06774055603364,
            195.03208043704834
          ]
        }
      ],
      "cpos": {
        "az": 195.95210129202948,
        "alt": 28.16515852428194
      }
    },
    {
      "name": "NAVSTAR 58 (USA 190)",
      "pos": [
        {
          "alts": [
            5.372131857868816,
            7.328892177694503,
            9.310365919003209,
            11.315787919360321,
            13.344393680075182,
            15.39541091858079,
            17.468050861135588,
            19.561499233402504,
            21.6749068930495,
            23.807380029865488
          ],
          "azs": [
            157.88622136176767,
            157.76460674652782,
            157.59015022508672,
            157.3629589561905,
            157.08296344154002,
            156.74990207030038,
            156.3633027168353,
            155.92246064480628,
            155.42641180628516,
            154.8739004069017
          ]
        }
      ],
      "cpos": {
        "az": 157.3629589561905,
        "alt": 11.315787919360321
      }
    },
    {
      "name": "NAVSTAR 62 (USA 201)",
      "pos": [
        {
          "alts": [
            35.445757868318054,
            34.09010174651421,
            32.65991912225145,
            31.164390785016888,
            29.61212730459495,
            28.011122529180767,
            26.368735008083735,
            24.691690590206242,
            22.98610034204766,
            21.257488948373375,
            19.510829757411937,
            17.750583528940712,
            15.980738703272657
          ],
          "azs": [
            304.235551967682,
            306.1645578155316,
            307.9356441865906,
            309.55262052911627,
            311.02038727328176,
            312.3445838390371,
            313.53129702311844,
            314.5868277172398,
            315.517510399855,
            316.32957816540204,
            317.02906563236604,
            317.6217424254089,
            318.11307069888306
          ]
        }
      ],
      "cpos": {
        "az": 313.53129702311844,
        "alt": 26.368735008083735
      }
    },
    {
      "name": "NAVSTAR 66 (USA 232)",
      "pos": [
        {
          "alts": [
            20.705391161755404,
            18.48641806331193,
            16.29484146460401,
            14.131430040096523,
            11.996909816733654,
            9.891976538842286,
            7.817307432058034,
            5.773572415488055
          ],
          "azs": [
            200.2686189447508,
            199.86563006177335,
            199.5177925393274,
            199.22423770985168,
            198.9843699151387,
            198.79783604987256,
            198.66450048534762,
            198.5844242119074
          ]
        }
      ],
      "cpos": {
        "az": 198.66450048534762,
        "alt": 7.817307432058034
      }
    },
    {
      "name": "NAVSTAR 68 (USA 242)",
      "pos": [
        {
          "alts": [
            53.78933622554349,
            55.561843347681446,
            57.34961762121158,
            59.14957850113839,
            60.95762940632912,
            62.7683419938266,
            64.5745149309731,
            66.36655153355089,
            68.13157823945335,
            69.8522020931904,
            71.50479685022643,
            73.05726447421921,
            74.46646698136601
          ],
          "azs": [
            35.92998089943845,
            33.41178512167678,
            30.771483422015905,
            27.982894021975117,
            25.01309306438956,
            21.820400808130383,
            18.351735610075632,
            14.539203775684385,
            10.295890556914722,
            5.511147640797199,
            0.04655035477292241,
            353.73572456364997,
            346.39524255326575
          ]
        }
      ],
      "cpos": {
        "az": 18.351735610075632,
        "alt": 64.5745149309731
      }
    },
    {
      "name": "NAVSTAR 69 (USA 248)",
      "pos": [
        {
          "alts": [
            10.612059883811197,
            8.968292405194179,
            7.301446999998954,
            5.615394310617299
          ],
          "azs": [
            319.7909673572193,
            320.5979918643231,
            321.3136589939864,
            321.94106339774635
          ]
        }
      ],
      "cpos": null
    },
    {
      "name": "NAVSTAR 71 (USA 256)",
      "pos": [
        {
          "alts": [
            6.137624655758501,
            7.303149824184228,
            8.454042026432631,
            9.584978701514611,
            10.690433831316755,
            11.764689395142254,
            12.801854157777104,
            13.795890896574239,
            14.740653051450584,
            15.629931558581395,
            16.457512286561126
          ],